payment_id,amount,currency,status,paid_at
2,15000.00,INR,paid,2026-09-04T05:15:32Z
1,1000.00,INR,paid,2026-09-05T09:15:32Z
3,1250.00,INR,paid,2026-09-05T08:15:32Z
4,1800.00,INR,paid,2026-09-05T07:15:32Z
5,2400.00,USD,paid,2026-09-05T06:15:32Z
6,3200.00,GBP,paid,2026-09-05T05:15:32Z
7,4500.00,CAD,paid,2026-09-05T04:15:32Z
8,5200.00,INR,paid,2026-09-05T03:15:32Z
9,1000.00,INR,paid,2026-09-05T02:15:32Z
10,1250.00,INR,paid,2026-09-05T01:15:32Z
11,1800.00,USD,paid,2026-09-05T00:15:32Z
12,2400.00,GBP,paid,2026-09-04T23:15:32Z
13,3200.00,CAD,paid,2026-09-04T22:15:32Z
14,4500.00,INR,paid,2026-09-04T21:15:32Z
15,5200.00,INR,paid,2026-09-04T20:15:32Z
16,1000.00,INR,paid,2026-09-04T19:15:32Z
17,1250.00,USD,paid,2026-09-04T18:15:32Z
18,1800.00,GBP,paid,2026-09-04T17:15:32Z
19,2400.00,CAD,paid,2026-09-04T16:15:32Z
20,3200.00,INR,paid,2026-09-04T15:15:32Z
21,4500.00,INR,paid,2026-09-04T14:15:32Z
22,5200.00,INR,paid,2026-09-04T13:15:32Z
23,1000.00,USD,paid,2026-09-04T12:15:32Z
24,1250.00,GBP,paid,2026-09-04T11:15:32Z
25,1800.00,CAD,paid,2026-09-04T10:15:32Z
26,2400.00,INR,paid,2026-09-04T09:15:32Z
27,3200.00,INR,paid,2026-09-04T08:15:32Z
28,4500.00,INR,paid,2026-09-04T07:15:32Z
29,5200.00,USD,paid,2026-09-04T06:15:32Z
30,1000.00,GBP,paid,2026-09-04T05:15:32Z
31,1250.00,CAD,paid,2026-09-04T04:15:32Z
32,1800.00,INR,paid,2026-09-04T03:15:32Z
33,2400.00,INR,paid,2026-09-04T02:15:32Z
34,3200.00,INR,paid,2026-09-04T01:15:32Z
35,4500.00,USD,paid,2026-09-04T00:15:32Z
36,5200.00,GBP,paid,2026-09-03T23:15:32Z
37,8500.00,INR,paid,2026-09-05T03:15:32Z
38,7200.00,INR,paid,2026-09-05T02:15:32Z
39,4100.00,USD,paid,2026-09-05T01:15:32Z
40,9800.00,INR,paid,2026-09-05T00:15:32Z
41,5000.00,INR,paid,2026-09-05T01:15:32Z
42,6200.00,INR,paid,2026-09-05T00:15:32Z
43,7500.00,INR,paid,2026-09-04T23:15:32Z
44,4100.00,USD,paid,2026-09-04T22:15:32Z
45,9000.00,INR,paid,2026-09-04T21:15:32Z
46,3600.00,GBP,paid,2026-09-04T20:15:32Z
47,3000.00,INR,paid,2026-09-04T23:15:32Z
48,4800.00,INR,paid,2026-09-04T22:15:32Z
49,6500.00,USD,paid,2026-09-04T21:15:32Z
50,2700.00,GBP,paid,2026-09-04T20:15:32Z
51,8000.00,INR,paid,2026-09-04T19:15:32Z
52,5500.00,INR,paid,2026-09-04T21:15:32Z
53,4300.00,USD,paid,2026-09-04T20:15:32Z
54,7800.00,INR,paid,2026-09-04T19:15:32Z
55,2900.00,GBP,paid,2026-09-04T18:15:32Z
56,2200.00,INR,created,2026-09-04T19:15:32Z
57,6700.00,INR,created,2026-09-04T18:15:32Z
58,3900.00,USD,created,2026-09-04T17:15:32Z
59,5100.00,GBP,created,2026-09-04T16:15:32Z
60,8400.00,INR,created,2026-09-04T15:15:32Z
